{"cameraMode":{"drawMode":0,"name":"Shaded","section":"Shading Mode"},"sceneLighting":false,"audioPlay":false,"sceneViewState":{"showFog":true,"showMaterialUpdate":false,"showSkybox":true,"showFlares":true,"showImageEffects":true,"showParticleSystems":true},"in2DMode":false,"pivot":{"x":-319.4996337890625,"y":51.6246337890625,"z":212.05361938476563},"rotation":{"x":0.10336380451917649,"y":0.7417545914649963,"z":0.11756698042154312,"w":-0.6521457433700562},"size":9.146641731262207,"orthographic":false}