{"cameraMode":{"drawMode":0,"name":"Shaded","section":"Shading Mode"},"sceneLighting":true,"audioPlay":false,"sceneViewState":{"showFog":true,"showMaterialUpdate":false,"showSkybox":true,"showFlares":true,"showImageEffects":true,"showParticleSystems":true},"in2DMode":false,"pivot":{"x":-3.547664165496826,"y":-6.288421630859375,"z":-61.35479736328125},"rotation":{"x":-0.4379411041736603,"y":0.0032333601266145708,"z":-0.0015746521530672908,"w":-0.8989964723587036},"size":419.4080505371094,"orthographic":false}